n_plays,go_rate,punt_rate,fg_rate,optimal_rate,optimal_given_go,optimal_given_punt,optimal_given_fg,avg_wp_lost,total_wp_lost,obvious_go_compliance,obvious_punt_compliance,over_aggressive_rate,under_aggressive_rate,n_obvious_go,n_obvious_punt,era
26644,0.12817144572886954,0.637629485062303,0.2341990692088275,0.7588950608016815,0.25592972181551976,0.8391312025428218,0.8157051282051282,0.0027182857327796503,72.426005064181,0.3201559020044543,0.9652224738803244,0.09536856327878697,0.7130663164806303,1796,13687,Era 1 (2006-2012)
22573,0.19248659903424445,0.5572143711513755,0.25029902981438,0.7264873964470828,0.3459148446490219,0.8021148036253777,0.8507964601769912,0.003357798655913319,75.79558905993134,0.4410801963993453,0.9425798625151638,0.1259026270322952,0.5972668810289389,2444,9892,Era 2 (2019-2024)
