n_plays,go_rate,punt_rate,fg_rate,optimal_rate,optimal_given_go,optimal_given_punt,optimal_given_fg,avg_wp_lost,total_wp_lost,obvious_go_compliance,obvious_punt_compliance,over_aggressive_rate,under_aggressive_rate,n_obvious_go,n_obvious_punt,era
58,0.6551724137931034,0.034482758620689655,0.3103448275862069,0.9482758620689655,0.9736842105263158,0.0,1.0,0.0029046925359758288,0.16847216708659807,,,0.017241379310344827,0.05128205128205128,0,0,Era 1 (2006-2012)
22557,0.19191381832690518,0.5576096112071641,0.25047657046593075,0.7175599592144345,0.3672903672903673,0.7745269518206392,0.8591150442477876,0.002934727645325027,66.19865149559664,0.48479506390480387,0.9462567963195315,0.12142572150551935,0.5345433255269321,2269,9564,Era 2 (2019-2024)
