season_type,n_decisions,optimal_rate,trend
REG,12066,0.4800265208022543,0.011412500121828584
POST,600,0.5116666666666667,0.00964689084825181
