season_type,n_decisions,optimal_rate
REG,3000,0.16533333333333333
POST,2779,0.1766822598056855
