position,salary,war,n_players,dollars_per_war,avg_salary,avg_war,deviation_from_mean,pct_deviation
pitcher,11254750800,5421.6,3595,2075909.473218238,3130667.816411683,1.508094575799722,131953.39780770894,6.787879596499769
batter,19275178483,10637.5,4603,1812002.67760282,4187525.197262655,2.310992830762546,-131953.39780770894,-6.787879596499769
