offense_coefficient,defense_coefficient,offense_pvalue,defense_pvalue,r_squared,n_obs,dollars_per_off_run,dollars_per_def_run,off_def_ratio
936853.0508819291,805092.7439669989,0.0,0.0,0.6489611474202859,4708,936853.0508819291,805092.7439669989,1.16365854481025
