season,n_opportunities,n_attempts,attempt_rate,success_rate,avg_break_even,success_margin,pct_above_break_even
2023,46619,385,0.008258435401874773,0.7532467532467533,0.7225402597402597,0.03070649350649357,0.638961038961039
2024,45136,382,0.008463310882665722,0.7408376963350786,0.7219450261780105,0.01889267015706808,0.6675392670157068
