feature,posterior_mean,posterior_sd,ci_lower_2.5,ci_upper_97.5,significant
intercept,1.3099185871258108,0.1514244313011969,1.0172007275960482,1.5976460316393164,True
outs,-0.42348016429487406,0.17719081944162976,-0.7530196939366992,-0.07767499208155351,True
inning,0.35519331770962026,0.13113988324003212,0.09284362751266129,0.6105997283677892,True
score_diff,-0.27468199830791057,0.22722260317161178,-0.7188429037767273,0.1665840515651968,False
stealing_3rd,0.9896929622451156,0.3436124107146674,0.3427065929785173,1.6935415611193454,True
lhp,0.27993493144625575,0.22580826296376968,-0.15763711644368708,0.72665778223497,False
